timestamp,label,confidence,scores,mask_area,descr
2025-10-29 18:17:33,LowConfidence,0.4612115052799277,"{'Paper': 0.4612115052799277, 'Metal': 0.151411434144257, 'Plastic': 0.23313940227563573}",27028,low_1761742053755.jpg
2025-10-29 18:17:33,LowConfidence,0.47880307382266984,"{'Paper': 0.47880307382266984, 'Metal': 0.16939934765509862, 'Plastic': 0.24382015250141642}",27029,low_1761742053901.jpg
2025-10-29 18:17:33,LowConfidence,0.4829251753573464,"{'Paper': 0.4829251753573464, 'Metal': 0.16334589209153913, 'Plastic': 0.23607408277127664}",27054,low_1761742053932.jpg
2025-10-29 18:17:33,LowConfidence,0.4869967443280238,"{'Paper': 0.4869967443280238, 'Metal': 0.15543592209269289, 'Plastic': 0.23317876468340545}",27043,low_1761742053951.jpg
2025-10-29 18:17:33,LowConfidence,0.48684285594868176,"{'Paper': 0.48684285594868176, 'Metal': 0.1592977631179059, 'Plastic': 0.23221216449508442}",26975,low_1761742053992.jpg
2025-10-29 18:17:34,LowConfidence,0.4875850258421243,"{'Paper': 0.4875850258421243, 'Metal': 0.160060948804686, 'Plastic': 0.2310970639318142}",27061,low_1761742054006.jpg
2025-10-29 18:17:34,LowConfidence,0.4889853327066252,"{'Paper': 0.4889853327066252, 'Metal': 0.15432672154109778, 'Plastic': 0.23052080613245596}",27032,low_1761742054041.jpg
2025-10-29 18:17:34,LowConfidence,0.48861402467652254,"{'Paper': 0.48861402467652254, 'Metal': 0.15612912140698168, 'Plastic': 0.2290660205461112}",27021,low_1761742054075.jpg
2025-10-29 18:17:34,LowConfidence,0.4902597286741587,"{'Paper': 0.4902597286741587, 'Metal': 0.1696482533603989, 'Plastic': 0.2286066645633656}",27035,low_1761742054098.jpg
2025-10-29 18:17:34,LowConfidence,0.4909835931766363,"{'Paper': 0.4909835931766363, 'Metal': 0.16845396252962572, 'Plastic': 0.22854125516038856}",27011,low_1761742054122.jpg
2025-10-29 18:17:34,LowConfidence,0.4909344792697919,"{'Paper': 0.4909344792697919, 'Metal': 0.16844490512040494, 'Plastic': 0.2253211341869835}",27035,low_1761742054155.jpg
2025-10-29 18:17:34,LowConfidence,0.4923835047219612,"{'Paper': 0.4923835047219612, 'Metal': 0.15193354065084202, 'Plastic': 0.22537747106075703}",27097,low_1761742054175.jpg
2025-10-29 18:17:34,LowConfidence,0.4938725062520387,"{'Paper': 0.4938725062520387, 'Metal': 0.158267128488801, 'Plastic': 0.22376569171106522}",27050,low_1761742054209.jpg
2025-10-29 18:17:34,LowConfidence,0.49462509917114905,"{'Paper': 0.49462509917114905, 'Metal': 0.15661310201925657, 'Plastic': 0.22115670529026474}",27023,low_1761742054244.jpg
2025-10-29 18:17:34,LowConfidence,0.4950511659187627,"{'Paper': 0.4950511659187627, 'Metal': 0.14791402231254486, 'Plastic': 0.22213587504783108}",27056,low_1761742054269.jpg
2025-10-29 18:17:34,LowConfidence,0.4934859982121919,"{'Paper': 0.4934859982121919, 'Metal': 0.1703208466106157, 'Plastic': 0.22255081902506413}",27024,low_1761742054310.jpg
2025-10-29 18:17:34,LowConfidence,0.490897766964984,"{'Paper': 0.490897766964984, 'Metal': 0.16614332754250932, 'Plastic': 0.224300257769282}",27080,low_1761742054365.jpg
2025-10-29 18:17:34,LowConfidence,0.4940882249119147,"{'Paper': 0.4940882249119147, 'Metal': 0.1589066696625229, 'Plastic': 0.22402328517588396}",27007,low_1761742054408.jpg
2025-10-29 18:17:34,LowConfidence,0.49274802893705916,"{'Paper': 0.49274802893705916, 'Metal': 0.1554559136756764, 'Plastic': 0.22409873874345057}",26993,low_1761742054421.jpg
2025-10-29 18:17:34,LowConfidence,0.49607467764526003,"{'Paper': 0.49607467764526003, 'Metal': 0.15297932662562663, 'Plastic': 0.22786160415410942}",27033,low_1761742054459.jpg
2025-10-29 18:17:34,LowConfidence,0.4997069368314273,"{'Paper': 0.4997069368314273, 'Metal': 0.15561888782551236, 'Plastic': 0.22866820208951025}",27022,low_1761742054469.jpg
2025-10-29 18:17:38,Paper,0.6196225966074602,"{'Paper': 0.6196225966074602, 'Metal': 0.1463570907900966, 'Plastic': 0.41295127072639704}",23795,live
2025-10-29 18:17:38,Paper,0.6175819635386807,"{'Paper': 0.6175819635386807, 'Metal': 0.14122143174037977, 'Plastic': 0.39672532305890285}",25343,live
2025-10-29 18:17:38,Paper,0.6175819635386807,"{'Paper': 0.6175819635386807, 'Metal': 0.14122143174037977, 'Plastic': 0.39672532305890285}",25343,live
2025-10-29 18:17:38,Paper,0.6170667539466187,"{'Paper': 0.6170667539466187, 'Metal': 0.14030292962821478, 'Plastic': 0.35983838426566406}",27318,live
2025-10-29 18:17:38,Paper,0.6170667539466187,"{'Paper': 0.6170667539466187, 'Metal': 0.14030292962821478, 'Plastic': 0.35983838426566406}",27318,live
2025-10-29 18:17:38,Paper,0.6172806306324713,"{'Paper': 0.6172806306324713, 'Metal': 0.14060493472636115, 'Plastic': 0.34753921776664837}",28794,live
2025-10-29 18:17:38,Paper,0.6159069914036721,"{'Paper': 0.6159069914036721, 'Metal': 0.14146979569449505, 'Plastic': 0.21460566097725223}",29787,live
2025-10-29 18:17:38,Paper,0.6159069914036721,"{'Paper': 0.6159069914036721, 'Metal': 0.14146979569449505, 'Plastic': 0.21460566097725223}",29787,live
2025-10-29 18:17:38,Paper,0.6133105726741295,"{'Paper': 0.6133105726741295, 'Metal': 0.15752086959019151, 'Plastic': 0.21729222807704587}",30342,live
2025-10-29 18:17:38,Paper,0.6133105726741295,"{'Paper': 0.6133105726741295, 'Metal': 0.15752086959019151, 'Plastic': 0.21729222807704587}",30342,live
2025-10-29 18:17:38,Paper,0.6133105726741295,"{'Paper': 0.6133105726741295, 'Metal': 0.15752086959019151, 'Plastic': 0.21729222807704587}",30342,live
2025-10-29 18:17:38,Paper,0.6046325913632696,"{'Paper': 0.6046325913632696, 'Metal': 0.1573086422193195, 'Plastic': 0.22415612855036054}",30766,live
2025-10-29 18:17:38,Paper,0.6046325913632696,"{'Paper': 0.6046325913632696, 'Metal': 0.1573086422193195, 'Plastic': 0.22415612855036054}",30766,live
2025-10-29 18:17:38,Paper,0.5896861325537015,"{'Paper': 0.5896861325537015, 'Metal': 0.1502532858981204, 'Plastic': 0.23584384077632714}",31327,live
2025-10-29 18:17:38,Paper,0.5896861325537015,"{'Paper': 0.5896861325537015, 'Metal': 0.1502532858981204, 'Plastic': 0.23584384077632714}",31327,live
2025-10-29 18:17:38,LowConfidence,0.5370958857328739,"{'Paper': 0.5370958857328739, 'Metal': 0.1551739601722642, 'Plastic': 0.27033549612758856}",32429,low_1761742058713.jpg
2025-10-29 18:17:38,Paper,0.5370958857328739,"{'Paper': 0.5370958857328739, 'Metal': 0.1551739601722642, 'Plastic': 0.27033549612758856}",32429,live
2025-10-29 18:17:38,LowConfidence,0.4792875902136693,"{'Paper': 0.4792875902136693, 'Metal': 0.14971483822650514, 'Plastic': 0.3922592675404339}",32548,low_1761742058765.jpg
2025-10-29 18:17:38,Paper,0.4792875902136693,"{'Paper': 0.4792875902136693, 'Metal': 0.14971483822650514, 'Plastic': 0.3922592675404339}",32548,live
2025-10-29 18:17:38,LowConfidence,0.4792875902136693,"{'Paper': 0.4792875902136693, 'Metal': 0.14971483822650514, 'Plastic': 0.3922592675404339}",32548,low_1761742058811.jpg
2025-10-29 18:17:38,LowConfidence,0.47478824638971096,"{'Paper': 0.47478824638971096, 'Metal': 0.14712296048531823, 'Plastic': 0.4438961577817193}",32516,low_1761742058840.jpg
2025-10-29 18:17:38,LowConfidence,0.4768178386859986,"{'Paper': 0.47333887353842846, 'Metal': 0.15446648390113096, 'Plastic': 0.4768178386859986}",32402,low_1761742058868.jpg
2025-10-29 18:17:38,LowConfidence,0.47280506541031997,"{'Paper': 0.47280506541031997, 'Metal': 0.1490295091246031, 'Plastic': 0.4210743735553081}",32138,low_1761742058895.jpg
2025-10-29 18:17:38,LowConfidence,0.46941214489218486,"{'Paper': 0.4679785862716802, 'Metal': 0.15134255002236557, 'Plastic': 0.46941214489218486}",31874,low_1761742058918.jpg
2025-10-29 18:17:38,LowConfidence,0.4999509270214984,"{'Paper': 0.4668092437329049, 'Metal': 0.14950090213856324, 'Plastic': 0.4999509270214984}",31628,low_1761742058942.jpg
2025-10-29 18:17:38,LowConfidence,0.48324868746954486,"{'Paper': 0.4637843123518236, 'Metal': 0.15340051934546872, 'Plastic': 0.48324868746954486}",31403,low_1761742058964.jpg
2025-10-29 18:17:38,LowConfidence,0.4672260988454656,"{'Paper': 0.4672260988454656, 'Metal': 0.15559330115100217, 'Plastic': 0.44708685718501917}",31178,low_1761742058985.jpg
2025-10-29 18:17:39,LowConfidence,0.47066534521931425,"{'Paper': 0.47066534521931425, 'Metal': 0.15001068832509967, 'Plastic': 0.4432137805856475}",31172,low_1761742059021.jpg
2025-10-29 18:17:39,LowConfidence,0.4719115568347626,"{'Paper': 0.4719115568347626, 'Metal': 0.1468036396882151, 'Plastic': 0.45520389909170605}",31392,low_1761742059053.jpg
2025-10-29 18:17:41,LowConfidence,0.48344351767646215,"{'Paper': 0.24000000000000005, 'Metal': 0.018561508348717063, 'Plastic': 0.48344351767646215}",60284,low_1761742061075.jpg
2025-10-29 18:17:41,LowConfidence,0.49881607530127214,"{'Paper': 0.49881607530127214, 'Metal': 0.15320450739851635, 'Plastic': 0.21765542066313412}",35080,low_1761742061105.jpg
2025-10-29 18:17:41,LowConfidence,0.49906131564905876,"{'Paper': 0.49906131564905876, 'Metal': 0.15242362537768753, 'Plastic': 0.21745313263654423}",34984,low_1761742061132.jpg
2025-10-29 18:17:41,LowConfidence,0.49682076728384617,"{'Paper': 0.49682076728384617, 'Metal': 0.15345833565577205, 'Plastic': 0.2165320881282284}",35071,low_1761742061151.jpg
2025-10-29 18:17:41,LowConfidence,0.4998164480647674,"{'Paper': 0.4998164480647674, 'Metal': 0.15267182000807064, 'Plastic': 0.21656236129232317}",35031,low_1761742061180.jpg
2025-10-29 18:17:41,LowConfidence,0.4984516962473922,"{'Paper': 0.4984516962473922, 'Metal': 0.1544062605800539, 'Plastic': 0.21684968777302}",34989,low_1761742061203.jpg
2025-10-29 18:17:41,LowConfidence,0.49658422142286585,"{'Paper': 0.49658422142286585, 'Metal': 0.15213107197227282, 'Plastic': 0.2177623302983646}",34881,low_1761742061226.jpg
2025-10-29 18:17:41,LowConfidence,0.4986132365658863,"{'Paper': 0.4986132365658863, 'Metal': 0.1542233940598483, 'Plastic': 0.21906311928057473}",34690,low_1761742061255.jpg
2025-10-29 18:17:41,LowConfidence,0.4968098777187929,"{'Paper': 0.4968098777187929, 'Metal': 0.15304412450149707, 'Plastic': 0.21774316525477047}",34594,low_1761742061273.jpg
2025-10-29 18:17:41,LowConfidence,0.49676421809572735,"{'Paper': 0.49676421809572735, 'Metal': 0.15487451531061736, 'Plastic': 0.21669785915869846}",34586,low_1761742061301.jpg
2025-10-29 18:17:41,LowConfidence,0.4986640045051963,"{'Paper': 0.4986640045051963, 'Metal': 0.15296443252551345, 'Plastic': 0.2174177488808114}",34470,low_1761742061326.jpg
2025-10-29 18:17:41,LowConfidence,0.4964029699996894,"{'Paper': 0.4964029699996894, 'Metal': 0.15541487196839013, 'Plastic': 0.21745384545461868}",34082,low_1761742061366.jpg
2025-10-29 18:17:41,LowConfidence,0.4960425346287984,"{'Paper': 0.4960425346287984, 'Metal': 0.14752605167053046, 'Plastic': 0.2167733152440332}",33559,low_1761742061405.jpg
2025-10-29 18:17:41,LowConfidence,0.4977768475020838,"{'Paper': 0.4977768475020838, 'Metal': 0.15208212936469445, 'Plastic': 0.21738264840834157}",32982,low_1761742061422.jpg
2025-10-29 18:17:41,LowConfidence,0.49386682251783115,"{'Paper': 0.49386682251783115, 'Metal': 0.1487780305703693, 'Plastic': 0.2165608076671997}",32409,low_1761742061455.jpg
2025-10-29 18:17:41,LowConfidence,0.4943471761694461,"{'Paper': 0.4943471761694461, 'Metal': 0.14809382572871496, 'Plastic': 0.21709168785239552}",31514,low_1761742061488.jpg
2025-10-29 18:17:41,LowConfidence,0.4955530827530156,"{'Paper': 0.4955530827530156, 'Metal': 0.15692875596536915, 'Plastic': 0.217546366636229}",30857,low_1761742061526.jpg
2025-10-29 18:17:41,LowConfidence,0.4912169599420416,"{'Paper': 0.4912169599420416, 'Metal': 0.15290111488409042, 'Plastic': 0.21796583034738348}",30962,low_1761742061555.jpg
2025-10-29 18:17:41,LowConfidence,0.49386743922728965,"{'Paper': 0.49386743922728965, 'Metal': 0.15284136995613545, 'Plastic': 0.217489489894141}",31431,low_1761742061595.jpg
2025-10-29 18:17:41,LowConfidence,0.49507331828503737,"{'Paper': 0.49507331828503737, 'Metal': 0.15755436771101974, 'Plastic': 0.217725584016463}",31767,low_1761742061617.jpg
2025-10-29 18:17:41,LowConfidence,0.49368764350004096,"{'Paper': 0.49368764350004096, 'Metal': 0.1529582039919426, 'Plastic': 0.21711084836564304}",31791,low_1761742061694.jpg
2025-10-29 18:17:41,LowConfidence,0.49611285052389886,"{'Paper': 0.49611285052389886, 'Metal': 0.15665857229674138, 'Plastic': 0.2174732583610721}",31562,low_1761742061734.jpg
2025-10-29 18:17:41,LowConfidence,0.495723965865416,"{'Paper': 0.495723965865416, 'Metal': 0.15175663985511606, 'Plastic': 0.2172890766324419}",31304,low_1761742061776.jpg
2025-10-29 18:17:41,LowConfidence,0.4927706673926965,"{'Paper': 0.4927706673926965, 'Metal': 0.16101381868480305, 'Plastic': 0.21802363629946708}",31112,low_1761742061816.jpg
2025-10-29 18:17:41,LowConfidence,0.4951581880900511,"{'Paper': 0.4951581880900511, 'Metal': 0.16204056576764758, 'Plastic': 0.21775162894375857}",31104,low_1761742061854.jpg
2025-10-29 18:17:41,LowConfidence,0.4948890836844487,"{'Paper': 0.4948890836844487, 'Metal': 0.15489238054003357, 'Plastic': 0.21749732072394135}",31231,low_1761742061895.jpg
2025-10-29 18:17:41,LowConfidence,0.49363797514168295,"{'Paper': 0.49363797514168295, 'Metal': 0.15897319693147155, 'Plastic': 0.21819444600448545}",31422,low_1761742061936.jpg
2025-10-29 18:17:41,LowConfidence,0.49755131312488743,"{'Paper': 0.49755131312488743, 'Metal': 0.1580569820350094, 'Plastic': 0.21759473215794795}",31439,low_1761742061977.jpg
2025-10-29 18:17:42,LowConfidence,0.49428045907996393,"{'Paper': 0.49428045907996393, 'Metal': 0.16011111065128944, 'Plastic': 0.21754430997279295}",31350,low_1761742062017.jpg
2025-10-29 18:17:42,LowConfidence,0.4950126767867216,"{'Paper': 0.4950126767867216, 'Metal': 0.1609846634017025, 'Plastic': 0.2175944183684491}",31043,low_1761742062061.jpg
2025-10-29 18:17:42,LowConfidence,0.4966657539424334,"{'Paper': 0.4966657539424334, 'Metal': 0.15929351873691672, 'Plastic': 0.21739320581068966}",30918,low_1761742062092.jpg
2025-10-29 18:17:42,LowConfidence,0.49473478614243627,"{'Paper': 0.49473478614243627, 'Metal': 0.1559595180133256, 'Plastic': 0.2172637407294524}",30880,low_1761742062126.jpg
2025-10-29 18:17:42,LowConfidence,0.4948482808996616,"{'Paper': 0.4948482808996616, 'Metal': 0.1588373257937398, 'Plastic': 0.21727583731905462}",30870,low_1761742062154.jpg
2025-10-29 18:17:42,LowConfidence,0.49854640099768677,"{'Paper': 0.49854640099768677, 'Metal': 0.1617358039545805, 'Plastic': 0.21770596803213924}",30895,low_1761742062180.jpg
2025-10-29 18:17:42,LowConfidence,0.49384915069724916,"{'Paper': 0.49384915069724916, 'Metal': 0.16075903510598225, 'Plastic': 0.21813398398132924}",31052,low_1761742062208.jpg
2025-10-29 18:17:42,LowConfidence,0.49488837709710654,"{'Paper': 0.49488837709710654, 'Metal': 0.1591231667697495, 'Plastic': 0.2179556799130174}",30946,low_1761742062235.jpg
2025-10-29 18:17:42,LowConfidence,0.49654811334856064,"{'Paper': 0.49654811334856064, 'Metal': 0.16069772249592665, 'Plastic': 0.21773438995736485}",30827,low_1761742062253.jpg
2025-10-29 18:17:42,LowConfidence,0.49368691482803495,"{'Paper': 0.49368691482803495, 'Metal': 0.15893025077116532, 'Plastic': 0.21788522473292593}",30916,low_1761742062287.jpg
2025-10-29 18:17:42,LowConfidence,0.49430652673919795,"{'Paper': 0.49430652673919795, 'Metal': 0.1651378872896986, 'Plastic': 0.21743918132739795}",31159,low_1761742062319.jpg
2025-10-29 18:17:42,LowConfidence,0.4961246406570844,"{'Paper': 0.4961246406570844, 'Metal': 0.15921188349706492, 'Plastic': 0.2168206959375126}",31168,low_1761742062326.jpg
2025-10-29 18:17:42,LowConfidence,0.4930893897088655,"{'Paper': 0.4930893897088655, 'Metal': 0.15880080169162544, 'Plastic': 0.21727017525349776}",31222,low_1761742062354.jpg
2025-10-29 18:17:42,LowConfidence,0.4962149692099169,"{'Paper': 0.4962149692099169, 'Metal': 0.1567152421062836, 'Plastic': 0.217161436213457}",31233,low_1761742062371.jpg
2025-10-29 18:17:42,LowConfidence,0.49558503304417334,"{'Paper': 0.49558503304417334, 'Metal': 0.15667221450138621, 'Plastic': 0.21762446387258358}",31206,low_1761742062399.jpg
2025-10-29 18:17:42,LowConfidence,0.49318357685416514,"{'Paper': 0.49318357685416514, 'Metal': 0.16273633040365665, 'Plastic': 0.21794329623741387}",31080,low_1761742062430.jpg
2025-10-29 18:17:44,Plastic,0.8432356089353561,"{'Paper': 0.0, 'Metal': 0.021367935393292077, 'Plastic': 0.8432356089353561}",22380,live
2025-10-29 18:17:44,Plastic,0.8508885622024536,"{'Paper': 0.0, 'Metal': 0.020001642291912668, 'Plastic': 0.8508885622024536}",20167,live
2025-10-29 18:17:44,Plastic,0.8545252054929733,"{'Paper': 0.0, 'Metal': 0.02433812519092925, 'Plastic': 0.8545252054929733}",24597,live
2025-10-29 18:17:44,Plastic,0.8672693789005279,"{'Paper': 0.0, 'Metal': 0.028619387596797836, 'Plastic': 0.8672693789005279}",23401,live
2025-10-29 18:17:44,Plastic,0.8632219403982162,"{'Paper': 0.0, 'Metal': 0.026985637296956057, 'Plastic': 0.8632219403982162}",23161,live
2025-10-29 18:17:44,Plastic,0.8721783131361007,"{'Paper': 0.0, 'Metal': 0.025955632745005574, 'Plastic': 0.8721783131361007}",23513,live
2025-10-29 18:17:44,Plastic,0.8521239727735519,"{'Paper': 0.0, 'Metal': 0.024186886508292402, 'Plastic': 0.8521239727735519}",22651,live
2025-10-29 18:17:44,Plastic,0.8521239727735519,"{'Paper': 0.0, 'Metal': 0.024186886508292402, 'Plastic': 0.8521239727735519}",22651,live
2025-10-29 18:17:44,Plastic,0.8554991602897644,"{'Paper': 0.0, 'Metal': 0.030739776207905866, 'Plastic': 0.8554991602897644}",24065,live
2025-10-29 18:17:44,Plastic,0.8620471179485321,"{'Paper': 0.0, 'Metal': 0.027375531545850026, 'Plastic': 0.8620471179485321}",21863,live
2025-10-29 18:17:44,Plastic,0.8378505080938339,"{'Paper': 0.0, 'Metal': 0.021682874276299766, 'Plastic': 0.8378505080938339}",23413,live
2025-10-29 18:17:44,Plastic,0.8533394157886505,"{'Paper': 0.0, 'Metal': 0.02072314097328533, 'Plastic': 0.8533394157886505}",24544,live
2025-10-29 18:17:45,Plastic,0.8625301837921142,"{'Paper': 0.0, 'Metal': 0.02853503890698426, 'Plastic': 0.8625301837921142}",22256,live
2025-10-29 18:17:45,Plastic,0.8463456451892852,"{'Paper': 0.0, 'Metal': 0.030766765443556894, 'Plastic': 0.8463456451892852}",24421,live
2025-10-29 18:17:45,Plastic,0.8682191491127014,"{'Paper': 0.0, 'Metal': 0.022722960245470207, 'Plastic': 0.8682191491127014}",22842,live
2025-10-29 18:17:45,Plastic,0.8461739093065261,"{'Paper': 0.0, 'Metal': 0.021466305100908408, 'Plastic': 0.8461739093065261}",23983,live
2025-10-29 18:17:45,Plastic,0.8580312252044677,"{'Paper': 0.0, 'Metal': 0.028743949960713035, 'Plastic': 0.8580312252044677}",22696,live
2025-10-29 18:17:45,Plastic,0.8580312252044677,"{'Paper': 0.0, 'Metal': 0.028743949960713035, 'Plastic': 0.8580312252044677}",22696,live
2025-10-29 18:17:45,Plastic,0.8485233008861541,"{'Paper': 0.0, 'Metal': 0.026067110247820394, 'Plastic': 0.8485233008861541}",23736,live
2025-10-29 18:17:45,Plastic,0.8368708163499832,"{'Paper': 0.0, 'Metal': 0.02771151244144045, 'Plastic': 0.8368708163499832}",24160,live
2025-10-29 18:17:45,Plastic,0.8427706778049469,"{'Paper': 0.0, 'Metal': 0.030739207436820314, 'Plastic': 0.8427706778049469}",23831,live
2025-10-29 18:17:45,Plastic,0.8655738800764083,"{'Paper': 0.0, 'Metal': 0.025260590979375292, 'Plastic': 0.8655738800764083}",23007,live
2025-10-29 18:17:45,Plastic,0.8614957302808761,"{'Paper': 0.0, 'Metal': 0.02512793205958311, 'Plastic': 0.8614957302808761}",23635,live
2025-10-29 18:17:45,Plastic,0.8425887644290924,"{'Paper': 0.0, 'Metal': 0.020506374538937965, 'Plastic': 0.8425887644290924}",23456,live
2025-10-29 18:17:45,Plastic,0.8445861607789993,"{'Paper': 0.0, 'Metal': 0.02608239018463152, 'Plastic': 0.8445861607789993}",22587,live
2025-10-29 18:17:45,Plastic,0.8713449656963348,"{'Paper': 0.0, 'Metal': 0.021876509682466776, 'Plastic': 0.8713449656963348}",24837,live
2025-10-29 18:17:45,Plastic,0.8517401784658432,"{'Paper': 0.0, 'Metal': 0.023116083630063736, 'Plastic': 0.8517401784658432}",23303,live
2025-10-29 18:17:45,Plastic,0.8607734560966491,"{'Paper': 0.0, 'Metal': 0.019630079514063165, 'Plastic': 0.8607734560966491}",23661,live
2025-10-29 18:17:45,Plastic,0.8607734560966491,"{'Paper': 0.0, 'Metal': 0.019630079514063165, 'Plastic': 0.8607734560966491}",23661,live
2025-10-29 18:17:45,Plastic,0.8771082729101181,"{'Paper': 0.0, 'Metal': 0.031822652697921915, 'Plastic': 0.8771082729101181}",21172,live
2025-10-29 18:17:45,Plastic,0.8557544022798538,"{'Paper': 0.0, 'Metal': 0.0300151491832719, 'Plastic': 0.8557544022798538}",22960,live
2025-10-29 18:17:45,Plastic,0.8489826887845993,"{'Paper': 0.0, 'Metal': 0.026142723138385792, 'Plastic': 0.8489826887845993}",23142,live
2025-10-29 18:17:45,Plastic,0.8460879743099212,"{'Paper': 0.0, 'Metal': 0.023147323841206026, 'Plastic': 0.8460879743099212}",23870,live
2025-10-29 18:17:45,Plastic,0.8561077684164047,"{'Paper': 0.0, 'Metal': 0.014771336739647815, 'Plastic': 0.8561077684164047}",24127,live
2025-10-29 18:17:45,Plastic,0.855402049422264,"{'Paper': 0.0, 'Metal': 0.021906176432922083, 'Plastic': 0.855402049422264}",22806,live
2025-10-29 18:17:45,Plastic,0.8706408858299255,"{'Paper': 0.0, 'Metal': 0.025033959029081745, 'Plastic': 0.8706408858299255}",22306,live
2025-10-29 18:17:45,Plastic,0.8705158203840255,"{'Paper': 0.0, 'Metal': 0.016708608030742853, 'Plastic': 0.8705158203840255}",23114,live
2025-10-29 18:17:45,Plastic,0.8821156442165374,"{'Paper': 0.0, 'Metal': 0.023889980573285816, 'Plastic': 0.8821156442165374}",22315,live
2025-10-29 18:17:45,Plastic,0.8432194113731384,"{'Paper': 0.0, 'Metal': 0.019765686611061203, 'Plastic': 0.8432194113731384}",22985,live
2025-10-29 18:17:45,Plastic,0.8432194113731384,"{'Paper': 0.0, 'Metal': 0.019765686611061203, 'Plastic': 0.8432194113731384}",22985,live
2025-10-29 18:17:45,Plastic,0.8604722738265991,"{'Paper': 0.0, 'Metal': 0.021245809973604146, 'Plastic': 0.8604722738265991}",22769,live
2025-10-29 18:17:46,Plastic,0.8683818250894546,"{'Paper': 0.0, 'Metal': 0.0213018207218759, 'Plastic': 0.8683818250894546}",23565,live
2025-10-29 18:17:46,Plastic,0.8437645405530929,"{'Paper': 0.0, 'Metal': 0.027430249811854886, 'Plastic': 0.8437645405530929}",23303,live
2025-10-29 18:17:46,Plastic,0.8565786898136138,"{'Paper': 0.0, 'Metal': 0.034841784232105724, 'Plastic': 0.8565786898136138}",22121,live
2025-10-29 18:17:46,Plastic,0.8596840769052505,"{'Paper': 0.0, 'Metal': 0.02321867433909806, 'Plastic': 0.8596840769052505}",22762,live
2025-10-29 18:17:46,Plastic,0.8641271263360977,"{'Paper': 0.0, 'Metal': 0.024940633923490264, 'Plastic': 0.8641271263360977}",22287,live
2025-10-29 18:17:46,Plastic,0.8609244048595428,"{'Paper': 0.0, 'Metal': 0.021828265031646858, 'Plastic': 0.8609244048595428}",21903,live
2025-10-29 18:17:46,Plastic,0.8615417897701263,"{'Paper': 0.0, 'Metal': 0.025501407783820457, 'Plastic': 0.8615417897701263}",23076,live
2025-10-29 18:17:46,Plastic,0.8428323090076446,"{'Paper': 0.0, 'Metal': 0.025111979298221232, 'Plastic': 0.8428323090076446}",22513,live
2025-10-29 18:17:46,Plastic,0.8513513475656509,"{'Paper': 0.0, 'Metal': 0.03334174856971063, 'Plastic': 0.8513513475656509}",23188,live
2025-10-29 18:17:46,Plastic,0.8686875820159912,"{'Paper': 0.0, 'Metal': 0.02859937091720894, 'Plastic': 0.8686875820159912}",23384,live
2025-10-29 18:17:46,Plastic,0.8500764936208725,"{'Paper': 0.0, 'Metal': 0.02994663576363332, 'Plastic': 0.8500764936208725}",23761,live
2025-10-29 18:17:46,Plastic,0.8541874855756759,"{'Paper': 0.0, 'Metal': 0.025685715567364216, 'Plastic': 0.8541874855756759}",22297,live
2025-10-29 18:17:46,Plastic,0.8464752852916717,"{'Paper': 0.0, 'Metal': 0.021743724054898956, 'Plastic': 0.8464752852916717}",23756,live
2025-10-29 18:17:46,Plastic,0.8530090719461441,"{'Paper': 0.0, 'Metal': 0.019212514934513217, 'Plastic': 0.8530090719461441}",21883,live
2025-10-29 18:17:46,Plastic,0.8579637378454208,"{'Paper': 0.0, 'Metal': 0.02619647728093252, 'Plastic': 0.8579637378454208}",22852,live
2025-10-29 18:17:46,Plastic,0.8656953692436218,"{'Paper': 0.0, 'Metal': 0.024857572341376845, 'Plastic': 0.8656953692436218}",22456,live
2025-10-29 18:17:46,Plastic,0.8459756046533584,"{'Paper': 0.0, 'Metal': 0.016565838086736808, 'Plastic': 0.8459756046533584}",24070,live
2025-10-29 18:17:46,Plastic,0.8468800753355026,"{'Paper': 0.0, 'Metal': 0.01842225343196069, 'Plastic': 0.8468800753355026}",22990,live
2025-10-29 18:17:46,Plastic,0.8737216562032699,"{'Paper': 0.0, 'Metal': 0.029657034487022137, 'Plastic': 0.8737216562032699}",23291,live
2025-10-29 18:17:46,Plastic,0.8646092683076858,"{'Paper': 0.0, 'Metal': 0.02202796809618891, 'Plastic': 0.8646092683076858}",22772,live
2025-10-29 18:17:46,Plastic,0.8593043357133865,"{'Paper': 0.0, 'Metal': 0.02796497403387734, 'Plastic': 0.8593043357133865}",23557,live
2025-10-29 18:17:46,Plastic,0.8437594145536422,"{'Paper': 0.0, 'Metal': 0.026940416508208154, 'Plastic': 0.8437594145536422}",26707,live
2025-10-29 18:17:46,Plastic,0.8514828354120254,"{'Paper': 0.0, 'Metal': 0.017340672378679433, 'Plastic': 0.8514828354120254}",22707,live
2025-10-29 18:17:46,Plastic,0.8652047634124755,"{'Paper': 0.0, 'Metal': 0.019008885864451677, 'Plastic': 0.8652047634124755}",23583,live
2025-10-29 18:17:46,Plastic,0.8542399674654007,"{'Paper': 0.0, 'Metal': 0.02943008712432985, 'Plastic': 0.8542399674654007}",22917,live
2025-10-29 18:17:46,Plastic,0.8508550345897674,"{'Paper': 0.0, 'Metal': 0.021974876769851555, 'Plastic': 0.8508550345897674}",23395,live
2025-10-29 18:17:46,Plastic,0.8474929451942443,"{'Paper': 0.0, 'Metal': 0.017773539075630687, 'Plastic': 0.8474929451942443}",22498,live
2025-10-29 18:17:46,Plastic,0.848089587688446,"{'Paper': 0.0, 'Metal': 0.019812305107481273, 'Plastic': 0.848089587688446}",23539,live
2025-10-29 18:17:46,Plastic,0.8559105366468429,"{'Paper': 0.0, 'Metal': 0.020621230755393048, 'Plastic': 0.8559105366468429}",22105,live
2025-10-29 18:17:46,Plastic,0.8570388972759246,"{'Paper': 0.0, 'Metal': 0.02978136174980907, 'Plastic': 0.8570388972759246}",23098,live
2025-10-29 18:17:46,Plastic,0.858109575510025,"{'Paper': 0.0, 'Metal': 0.021462943016369137, 'Plastic': 0.858109575510025}",22817,live
2025-10-29 18:17:47,Plastic,0.8715197414159774,"{'Paper': 0.0, 'Metal': 0.03288647191439324, 'Plastic': 0.8715197414159774}",22213,live
2025-10-29 18:17:47,Plastic,0.8699725836515426,"{'Paper': 0.0, 'Metal': 0.024732292153598238, 'Plastic': 0.8699725836515426}",22835,live
2025-10-29 18:17:47,Plastic,0.8570553928613662,"{'Paper': 0.0, 'Metal': 0.023258904511171075, 'Plastic': 0.8570553928613662}",22874,live
2025-10-29 18:17:47,Plastic,0.8707393079996109,"{'Paper': 0.0, 'Metal': 0.02619490076484054, 'Plastic': 0.8707393079996109}",22697,live
2025-10-29 18:17:47,Plastic,0.8464280635118484,"{'Paper': 0.0, 'Metal': 0.02888779733939577, 'Plastic': 0.8464280635118484}",23247,live
2025-10-29 18:17:47,Plastic,0.8539843529462814,"{'Paper': 0.0, 'Metal': 0.016882048778044587, 'Plastic': 0.8539843529462814}",22962,live
2025-10-29 18:17:47,Plastic,0.8780808866024017,"{'Paper': 0.0, 'Metal': 0.025226770168988874, 'Plastic': 0.8780808866024017}",23350,live
2025-10-29 18:17:47,Plastic,0.8480106711387634,"{'Paper': 0.0, 'Metal': 0.016214269804088285, 'Plastic': 0.8480106711387634}",22771,live
2025-10-29 18:17:47,Plastic,0.8656206846237182,"{'Paper': 0.0, 'Metal': 0.02838657168321421, 'Plastic': 0.8656206846237182}",22598,live
2025-10-29 18:17:47,Plastic,0.8457075625658035,"{'Paper': 0.0, 'Metal': 0.02559865104511617, 'Plastic': 0.8457075625658035}",23047,live
2025-10-29 18:17:47,Plastic,0.8623755991458892,"{'Paper': 0.0, 'Metal': 0.02722188307407461, 'Plastic': 0.8623755991458892}",22681,live
2025-10-29 18:17:47,Plastic,0.8556767523288726,"{'Paper': 0.0, 'Metal': 0.02092286797309654, 'Plastic': 0.8556767523288726}",23796,live
2025-10-29 18:17:47,Plastic,0.8480809152126312,"{'Paper': 0.0, 'Metal': 0.02763306780322887, 'Plastic': 0.8480809152126312}",22500,live
2025-10-29 18:17:47,Plastic,0.8523868441581726,"{'Paper': 0.0, 'Metal': 0.027255998451177817, 'Plastic': 0.8523868441581726}",23501,live
2025-10-29 18:17:47,Plastic,0.8543295085430145,"{'Paper': 0.0, 'Metal': 0.008459818236022926, 'Plastic': 0.8543295085430145}",20968,live
2025-10-29 18:17:47,Plastic,0.8626273095607757,"{'Paper': 0.0, 'Metal': 0.013501759571563946, 'Plastic': 0.8626273095607757}",23077,live
2025-10-29 18:17:47,Plastic,0.8589318513870239,"{'Paper': 0.0, 'Metal': 0.011879996635314055, 'Plastic': 0.8589318513870239}",17663,live
2025-10-29 18:17:47,Plastic,0.8549002975225448,"{'Paper': 0.08, 'Metal': 0.009319848163595053, 'Plastic': 0.8549002975225448}",18501,live
2025-10-29 18:17:47,Plastic,0.8072990596294403,"{'Paper': 0.08, 'Metal': 0.011637983123414991, 'Plastic': 0.8072990596294403}",24874,live
2025-10-29 18:17:47,Plastic,0.8155733466148376,"{'Paper': 0.0, 'Metal': 0.011258057833717618, 'Plastic': 0.8155733466148376}",28677,live
2025-10-29 18:17:47,Plastic,0.7811445713043212,"{'Paper': 0.08, 'Metal': 0.020432191979538685, 'Plastic': 0.7811445713043212}",24416,live
2025-10-29 18:17:47,Plastic,0.8204200983047485,"{'Paper': 0.08, 'Metal': 0.020605170333195613, 'Plastic': 0.8204200983047485}",25226,live
2025-10-29 18:17:47,Plastic,0.8273906826972961,"{'Paper': 0.08, 'Metal': 0.012777253558269102, 'Plastic': 0.8273906826972961}",24744,live
2025-10-29 18:17:47,Plastic,0.798965436220169,"{'Paper': 0.08, 'Metal': 0.015098853134791911, 'Plastic': 0.798965436220169}",22962,live
2025-10-29 18:17:47,Plastic,0.8358899921178817,"{'Paper': 0.08, 'Metal': 0.009992190604073746, 'Plastic': 0.8358899921178817}",24365,live
2025-10-29 18:17:47,Plastic,0.8424857676029205,"{'Paper': 0.08, 'Metal': 0.009022615498948922, 'Plastic': 0.8424857676029205}",18671,live
2025-10-29 18:17:47,Plastic,0.8374113410711288,"{'Paper': 0.08, 'Metal': 0.011717382905526397, 'Plastic': 0.8374113410711288}",18603,live
2025-10-29 18:17:47,Plastic,0.8598937809467315,"{'Paper': 0.0, 'Metal': 0.0147400763961946, 'Plastic': 0.8598937809467315}",19370,live
2025-10-29 18:17:47,Plastic,0.8523297131061554,"{'Paper': 0.0, 'Metal': 0.012606592882622964, 'Plastic': 0.8523297131061554}",22306,live
2025-10-29 18:17:47,Plastic,0.8620865762233734,"{'Paper': 0.0, 'Metal': 0.00825437447645202, 'Plastic': 0.8620865762233734}",24121,live
2025-10-29 18:17:48,Plastic,0.8482930481433868,"{'Paper': 0.0, 'Metal': 0.008640621161277532, 'Plastic': 0.8482930481433868}",23310,live
2025-10-29 18:17:48,Plastic,0.8674407869577407,"{'Paper': 0.0, 'Metal': 0.014423866770996155, 'Plastic': 0.8674407869577407}",21295,live
2025-10-29 18:17:48,Plastic,0.8618309020996093,"{'Paper': 0.0, 'Metal': 0.020319203373985056, 'Plastic': 0.8618309020996093}",22767,live
2025-10-29 18:17:48,Plastic,0.8652385145425796,"{'Paper': 0.0, 'Metal': 0.039727667615089425, 'Plastic': 0.8652385145425796}",21781,live
2025-10-29 18:17:48,Plastic,0.8542960703372955,"{'Paper': 0.0, 'Metal': 0.02646731518288871, 'Plastic': 0.8542960703372955}",21757,live
2025-10-29 18:17:48,Plastic,0.8409833878278732,"{'Paper': 0.0, 'Metal': 0.04063882682344924, 'Plastic': 0.8409833878278732}",20454,live
2025-10-29 18:17:48,Plastic,0.8557768583297729,"{'Paper': 0.0, 'Metal': 0.03482373390285797, 'Plastic': 0.8557768583297729}",21763,live
2025-10-29 18:17:48,Plastic,0.8511894464492797,"{'Paper': 0.0, 'Metal': 0.0333660543077397, 'Plastic': 0.8511894464492797}",20006,live
2025-10-29 18:17:48,Plastic,0.8458920985460281,"{'Paper': 0.0, 'Metal': 0.04012401443643661, 'Plastic': 0.8458920985460281}",21323,live
2025-10-29 18:17:48,Plastic,0.8576331853866577,"{'Paper': 0.0, 'Metal': 0.03312654171217552, 'Plastic': 0.8576331853866577}",20867,live
2025-10-29 18:17:48,Plastic,0.8339510977268219,"{'Paper': 0.0, 'Metal': 0.02901660627518943, 'Plastic': 0.8339510977268219}",21369,live
2025-10-29 18:17:48,Plastic,0.8415162235498428,"{'Paper': 0.0, 'Metal': 0.03520502738680636, 'Plastic': 0.8415162235498428}",22895,live
2025-10-29 18:17:48,Plastic,0.8614153981208801,"{'Paper': 0.0, 'Metal': 0.0386319066260097, 'Plastic': 0.8614153981208801}",19703,live
2025-10-29 18:17:48,Plastic,0.8594580113887786,"{'Paper': 0.0, 'Metal': 0.03197469721027216, 'Plastic': 0.8594580113887786}",22046,live
2025-10-29 18:17:48,Plastic,0.862735566496849,"{'Paper': 0.0, 'Metal': 0.03669928504555458, 'Plastic': 0.862735566496849}",21703,live
2025-10-29 18:17:48,Plastic,0.8361522823572158,"{'Paper': 0.0, 'Metal': 0.038015485180953684, 'Plastic': 0.8361522823572158}",21398,live
2025-10-29 18:17:48,Plastic,0.8394412070512771,"{'Paper': 0.0, 'Metal': 0.03131391024708474, 'Plastic': 0.8394412070512771}",20615,live
2025-10-29 18:17:48,Plastic,0.849376094341278,"{'Paper': 0.0, 'Metal': 0.03526127491611665, 'Plastic': 0.849376094341278}",20498,live
2025-10-29 18:17:48,Plastic,0.8764885336160659,"{'Paper': 0.0, 'Metal': 0.03706806870410566, 'Plastic': 0.8764885336160659}",19824,live
2025-10-29 18:17:48,Plastic,0.8598771214485168,"{'Paper': 0.0, 'Metal': 0.04375765099903799, 'Plastic': 0.8598771214485168}",21510,live
2025-10-29 18:17:48,Plastic,0.8522563993930816,"{'Paper': 0.0, 'Metal': 0.039017201465715405, 'Plastic': 0.8522563993930816}",23335,live
2025-10-29 18:17:48,Plastic,0.849245336651802,"{'Paper': 0.0, 'Metal': 0.033024316038426954, 'Plastic': 0.849245336651802}",19865,live
2025-10-29 18:17:48,Plastic,0.8484871804714202,"{'Paper': 0.0, 'Metal': 0.03654982351022147, 'Plastic': 0.8484871804714202}",22002,live
2025-10-29 18:17:48,Plastic,0.8566452234983444,"{'Paper': 0.0, 'Metal': 0.03663315915459903, 'Plastic': 0.8566452234983444}",19938,live
2025-10-29 18:17:48,Plastic,0.8656553447246551,"{'Paper': 0.0, 'Metal': 0.039913085410593636, 'Plastic': 0.8656553447246551}",18078,live
2025-10-29 18:17:48,Plastic,0.8442673802375793,"{'Paper': 0.0, 'Metal': 0.03583783929340079, 'Plastic': 0.8442673802375793}",21537,live
2025-10-29 18:17:48,Plastic,0.850858387351036,"{'Paper': 0.0, 'Metal': 0.03882330517458155, 'Plastic': 0.850858387351036}",20750,live
2025-10-29 18:17:48,Plastic,0.8723424345254898,"{'Paper': 0.0, 'Metal': 0.0383433764373265, 'Plastic': 0.8723424345254898}",20181,live
2025-10-29 18:17:48,Plastic,0.8479656100273132,"{'Paper': 0.0, 'Metal': 0.03924809129132098, 'Plastic': 0.8479656100273132}",19161,live
2025-10-29 18:17:49,Plastic,0.8516725122928619,"{'Paper': 0.0, 'Metal': 0.04287270812702017, 'Plastic': 0.8516725122928619}",19936,live
2025-10-29 18:17:49,Plastic,0.8737203896045684,"{'Paper': 0.0, 'Metal': 0.04451959883395732, 'Plastic': 0.8737203896045684}",18352,live
2025-10-29 18:17:49,Plastic,0.8449286490678787,"{'Paper': 0.0, 'Metal': 0.034013318030354185, 'Plastic': 0.8449286490678787}",20303,live
2025-10-29 18:17:49,Plastic,0.8582856625318527,"{'Paper': 0.0, 'Metal': 0.039591623817297986, 'Plastic': 0.8582856625318527}",21413,live
2025-10-29 18:17:49,Plastic,0.8540782451629638,"{'Paper': 0.0, 'Metal': 0.025198919091394635, 'Plastic': 0.8540782451629638}",21257,live
2025-10-29 18:17:49,Plastic,0.864738118648529,"{'Paper': 0.0, 'Metal': 0.03935356681044536, 'Plastic': 0.864738118648529}",18525,live
2025-10-29 18:17:49,Plastic,0.8374147981405258,"{'Paper': 0.0, 'Metal': 0.03740823241494365, 'Plastic': 0.8374147981405258}",18187,live
2025-10-29 18:17:49,Plastic,0.8529208719730377,"{'Paper': 0.0, 'Metal': 0.041990196402014686, 'Plastic': 0.8529208719730377}",19560,live
2025-10-29 18:17:49,Plastic,0.8455010175704956,"{'Paper': 0.0, 'Metal': 0.032719052919613925, 'Plastic': 0.8455010175704956}",22247,live
2025-10-29 18:17:49,Plastic,0.8634921133518219,"{'Paper': 0.0, 'Metal': 0.036422761255274654, 'Plastic': 0.8634921133518219}",18645,live
2025-10-29 18:17:49,Plastic,0.873422023653984,"{'Paper': 0.0, 'Metal': 0.03604946720554828, 'Plastic': 0.873422023653984}",23233,live
2025-10-29 18:17:49,Plastic,0.8497803628444671,"{'Paper': 0.0, 'Metal': 0.03883635198187747, 'Plastic': 0.8497803628444671}",21404,live
2025-10-29 18:17:49,Plastic,0.8678968369960784,"{'Paper': 0.0, 'Metal': 0.04356830535467474, 'Plastic': 0.8678968369960784}",19217,live
2025-10-29 18:17:49,Plastic,0.8655646860599517,"{'Paper': 0.0, 'Metal': 0.04902104310232103, 'Plastic': 0.8655646860599517}",20934,live
2025-10-29 18:17:49,Plastic,0.8458386778831481,"{'Paper': 0.0, 'Metal': 0.021894410122027273, 'Plastic': 0.8458386778831481}",20709,live
2025-10-29 18:17:49,Plastic,0.8538946032524108,"{'Paper': 0.0, 'Metal': 0.046440325622898904, 'Plastic': 0.8538946032524108}",18057,live
2025-10-29 18:17:49,Plastic,0.8546396911144256,"{'Paper': 0.0, 'Metal': 0.03540512973503606, 'Plastic': 0.8546396911144256}",18590,live
2025-10-29 18:17:49,Plastic,0.8503191292285919,"{'Paper': 0.0, 'Metal': 0.04396524155638569, 'Plastic': 0.8503191292285919}",18172,live
2025-10-29 18:17:49,Plastic,0.8498866975307464,"{'Paper': 0.0, 'Metal': 0.04085282139589787, 'Plastic': 0.8498866975307464}",18336,live
2025-10-29 18:17:49,Plastic,0.8450473964214325,"{'Paper': 0.0, 'Metal': 0.043744780833029774, 'Plastic': 0.8450473964214325}",19274,live
2025-10-29 18:17:49,Plastic,0.8567141264677047,"{'Paper': 0.0, 'Metal': 0.050063752746555744, 'Plastic': 0.8567141264677047}",18272,live
2025-10-29 18:17:49,Plastic,0.8486922800540924,"{'Paper': 0.0, 'Metal': 0.03462213350861169, 'Plastic': 0.8486922800540924}",18680,live
2025-10-29 18:17:49,Plastic,0.8465895026922226,"{'Paper': 0.0, 'Metal': 0.038840262204612876, 'Plastic': 0.8465895026922226}",19002,live
2025-10-29 18:17:49,Plastic,0.8528278738260269,"{'Paper': 0.0, 'Metal': 0.044883962759487334, 'Plastic': 0.8528278738260269}",18380,live
2025-10-29 18:17:49,Plastic,0.8496300995349884,"{'Paper': 0.0, 'Metal': 0.04829648161017372, 'Plastic': 0.8496300995349884}",18355,live
2025-10-29 18:17:49,Plastic,0.8570629328489303,"{'Paper': 0.0, 'Metal': 0.04413974625608854, 'Plastic': 0.8570629328489303}",18521,live
2025-10-29 18:17:49,Plastic,0.8570629328489303,"{'Paper': 0.0, 'Metal': 0.04413974625608854, 'Plastic': 0.8570629328489303}",18521,live
2025-10-29 18:17:49,Plastic,0.8549870818853378,"{'Paper': 0.0, 'Metal': 0.04326833318586576, 'Plastic': 0.8549870818853378}",19534,live
2025-10-29 18:17:49,Plastic,0.8737271100282669,"{'Paper': 0.0, 'Metal': 0.04801671398844675, 'Plastic': 0.8737271100282669}",19473,live
2025-10-29 18:17:50,Plastic,0.844022449851036,"{'Paper': 0.0, 'Metal': 0.04123482237684435, 'Plastic': 0.844022449851036}",21636,live
2025-10-29 18:17:50,Plastic,0.8514669805765152,"{'Paper': 0.0, 'Metal': 0.04240676690730601, 'Plastic': 0.8514669805765152}",21746,live
2025-10-29 18:17:50,Plastic,0.8480807811021804,"{'Paper': 0.0, 'Metal': 0.03833328658262887, 'Plastic': 0.8480807811021804}",21394,live
2025-10-29 18:17:50,Plastic,0.8362609565258026,"{'Paper': 0.0, 'Metal': 0.03813243114836708, 'Plastic': 0.8362609565258026}",21630,live
2025-10-29 18:17:50,Plastic,0.8424295604228973,"{'Paper': 0.0, 'Metal': 0.03251757429756677, 'Plastic': 0.8424295604228973}",21248,live
2025-10-29 18:17:50,Plastic,0.8442767083644866,"{'Paper': 0.0, 'Metal': 0.018710105147650445, 'Plastic': 0.8442767083644866}",21732,live
2025-10-29 18:17:50,Plastic,0.8264787316322326,"{'Paper': 0.0, 'Metal': 0.03313053972249751, 'Plastic': 0.8264787316322326}",21208,live
2025-10-29 18:17:50,Plastic,0.8264787316322326,"{'Paper': 0.0, 'Metal': 0.03313053972249751, 'Plastic': 0.8264787316322326}",21208,live
2025-10-29 18:17:50,Plastic,0.8665099114179611,"{'Paper': 0.0, 'Metal': 0.03132887942432095, 'Plastic': 0.8665099114179611}",19734,live
2025-10-29 18:17:50,Plastic,0.8589726358652114,"{'Paper': 0.0, 'Metal': 0.03322209447490214, 'Plastic': 0.8589726358652114}",20818,live
2025-10-29 18:17:50,Plastic,0.8557343900203704,"{'Paper': 0.0, 'Metal': 0.032824879645513935, 'Plastic': 0.8557343900203704}",20548,live
2025-10-29 18:17:50,Plastic,0.8551655381917953,"{'Paper': 0.0, 'Metal': 0.03845287410977119, 'Plastic': 0.8551655381917953}",22519,live
2025-10-29 18:17:50,Plastic,0.8604682058095932,"{'Paper': 0.0, 'Metal': 0.03624040689259528, 'Plastic': 0.8604682058095932}",21666,live
2025-10-29 18:17:50,Plastic,0.8588129699230194,"{'Paper': 0.0, 'Metal': 0.032101635936776285, 'Plastic': 0.8588129699230194}",26623,live
2025-10-29 18:17:50,Plastic,0.8595999300479888,"{'Paper': 0.0, 'Metal': 0.033564077167154566, 'Plastic': 0.8595999300479888}",21385,live
2025-10-29 18:17:50,Plastic,0.8401398330926895,"{'Paper': 0.0, 'Metal': 0.02958436895503227, 'Plastic': 0.8401398330926895}",23408,live
2025-10-29 18:17:50,Plastic,0.848917555809021,"{'Paper': 0.0, 'Metal': 0.02970468312155734, 'Plastic': 0.848917555809021}",23464,live
2025-10-29 18:17:50,Plastic,0.8646303385496139,"{'Paper': 0.0, 'Metal': 0.03964666473499715, 'Plastic': 0.8646303385496139}",21892,live
2025-10-29 18:17:50,Plastic,0.8646303385496139,"{'Paper': 0.0, 'Metal': 0.03964666473499715, 'Plastic': 0.8646303385496139}",21892,live
2025-10-29 18:17:50,Plastic,0.8516807079315185,"{'Paper': 0.0, 'Metal': 0.03439215414631448, 'Plastic': 0.8516807079315185}",24742,live
2025-10-29 18:17:50,Plastic,0.8642095893621444,"{'Paper': 0.0, 'Metal': 0.030305701256762702, 'Plastic': 0.8642095893621444}",23732,live
2025-10-29 18:17:50,Plastic,0.8496536135673523,"{'Paper': 0.0, 'Metal': 0.031176368566040072, 'Plastic': 0.8496536135673523}",23378,live
2025-10-29 18:17:50,Plastic,0.8685551851987838,"{'Paper': 0.0, 'Metal': 0.03720760501725709, 'Plastic': 0.8685551851987838}",22655,live
2025-10-29 18:17:50,Plastic,0.8424922943115234,"{'Paper': 0.0, 'Metal': 0.03188477186767526, 'Plastic': 0.8424922943115234}",23104,live
2025-10-29 18:17:50,Plastic,0.8473755538463592,"{'Paper': 0.0, 'Metal': 0.02876534892479305, 'Plastic': 0.8473755538463592}",24925,live
2025-10-29 18:17:50,Plastic,0.8417041271924972,"{'Paper': 0.0, 'Metal': 0.032769346397712874, 'Plastic': 0.8417041271924972}",23467,live
2025-10-29 18:17:50,Plastic,0.8475357711315155,"{'Paper': 0.0, 'Metal': 0.03473909955411454, 'Plastic': 0.8475357711315155}",22366,live
2025-10-29 18:17:50,Plastic,0.8542912721633911,"{'Paper': 0.0, 'Metal': 0.03957004687906117, 'Plastic': 0.8542912721633911}",22974,live
2025-10-29 18:17:50,Plastic,0.8459433734416961,"{'Paper': 0.0, 'Metal': 0.029357375446390672, 'Plastic': 0.8459433734416961}",22338,live
2025-10-29 18:17:50,Plastic,0.8459433734416961,"{'Paper': 0.0, 'Metal': 0.029357375446390672, 'Plastic': 0.8459433734416961}",22338,live
2025-10-29 18:17:50,Plastic,0.8434701681137085,"{'Paper': 0.0, 'Metal': 0.031659458958169094, 'Plastic': 0.8434701681137085}",22596,live
2025-10-29 18:17:50,Plastic,0.850264948606491,"{'Paper': 0.0, 'Metal': 0.03080009323974032, 'Plastic': 0.850264948606491}",22616,live
2025-10-29 18:17:51,Plastic,0.8445309519767761,"{'Paper': 0.0, 'Metal': 0.03810967864593347, 'Plastic': 0.8445309519767761}",21864,live
2025-10-29 18:17:51,Plastic,0.8418230682611465,"{'Paper': 0.0, 'Metal': 0.03531117192644402, 'Plastic': 0.8418230682611465}",22506,live
2025-10-29 18:17:51,Plastic,0.8579801887273788,"{'Paper': 0.0, 'Metal': 0.04100549393121853, 'Plastic': 0.8579801887273788}",21511,live
2025-10-29 18:17:51,Plastic,0.8389760375022888,"{'Paper': 0.0, 'Metal': 0.034215839376350136, 'Plastic': 0.8389760375022888}",23031,live
2025-10-29 18:17:51,Plastic,0.852564913034439,"{'Paper': 0.0, 'Metal': 0.03587049006187737, 'Plastic': 0.852564913034439}",22104,live
2025-10-29 18:17:51,Plastic,0.8509212702512741,"{'Paper': 0.0, 'Metal': 0.034781251772004355, 'Plastic': 0.8509212702512741}",23086,live
2025-10-29 18:17:51,Plastic,0.844783928990364,"{'Paper': 0.0, 'Metal': 0.03666816747540577, 'Plastic': 0.844783928990364}",22677,live
2025-10-29 18:17:51,Plastic,0.844783928990364,"{'Paper': 0.0, 'Metal': 0.03666816747540577, 'Plastic': 0.844783928990364}",22677,live
2025-10-29 18:17:51,Plastic,0.8525479257106781,"{'Paper': 0.0, 'Metal': 0.02987187160012956, 'Plastic': 0.8525479257106781}",22208,live
2025-10-29 18:17:51,Plastic,0.8536460667848587,"{'Paper': 0.0, 'Metal': 0.03978162481224407, 'Plastic': 0.8536460667848587}",21739,live
2025-10-29 18:17:51,Plastic,0.8529016345739364,"{'Paper': 0.0, 'Metal': 0.027698555742745705, 'Plastic': 0.8529016345739364}",22661,live
2025-10-29 18:17:51,Plastic,0.8552790105342865,"{'Paper': 0.0, 'Metal': 0.0315388277203044, 'Plastic': 0.8552790105342865}",21928,live
2025-10-29 18:17:51,Plastic,0.8377753913402557,"{'Paper': 0.0, 'Metal': 0.03438608424585755, 'Plastic': 0.8377753913402557}",21821,live
2025-10-29 18:17:51,Plastic,0.8512960791587829,"{'Paper': 0.0, 'Metal': 0.034158842316725224, 'Plastic': 0.8512960791587829}",22522,live
2025-10-29 18:17:51,Plastic,0.8466520279645919,"{'Paper': 0.0, 'Metal': 0.04068084845691907, 'Plastic': 0.8466520279645919}",21817,live
2025-10-29 18:17:51,Plastic,0.8493287086486816,"{'Paper': 0.0, 'Metal': 0.032519536912669726, 'Plastic': 0.8493287086486816}",19502,live
2025-10-29 18:17:51,Plastic,0.845518273115158,"{'Paper': 0.0, 'Metal': 0.03513186593913839, 'Plastic': 0.845518273115158}",21492,live
2025-10-29 18:17:51,Plastic,0.8607888340950012,"{'Paper': 0.0, 'Metal': 0.030023237832682632, 'Plastic': 0.8607888340950012}",21891,live
2025-10-29 18:17:51,Plastic,0.8607888340950012,"{'Paper': 0.0, 'Metal': 0.030023237832682632, 'Plastic': 0.8607888340950012}",21891,live
2025-10-29 18:17:51,Plastic,0.8579990237951278,"{'Paper': 0.0, 'Metal': 0.037899622431418804, 'Plastic': 0.8579990237951278}",22327,live
2025-10-29 18:17:51,Plastic,0.8479648202657699,"{'Paper': 0.0, 'Metal': 0.039430521910423934, 'Plastic': 0.8479648202657699}",21664,live
2025-10-29 18:17:51,Plastic,0.845026072859764,"{'Paper': 0.0, 'Metal': 0.03650747752326235, 'Plastic': 0.845026072859764}",21831,live
2025-10-29 18:17:51,Plastic,0.8425147652626037,"{'Paper': 0.0, 'Metal': 0.03544528498474205, 'Plastic': 0.8425147652626037}",22512,live
2025-10-29 18:17:51,Plastic,0.8446904987096786,"{'Paper': 0.0, 'Metal': 0.0324918756976699, 'Plastic': 0.8446904987096786}",21472,live
2025-10-29 18:17:51,Plastic,0.8396548897027969,"{'Paper': 0.0, 'Metal': 0.039044874154895395, 'Plastic': 0.8396548897027969}",22502,live
2025-10-29 18:17:51,Plastic,0.8473825275897979,"{'Paper': 0.0, 'Metal': 0.03742579616609297, 'Plastic': 0.8473825275897979}",22257,live
2025-10-29 18:17:51,Plastic,0.8553321331739425,"{'Paper': 0.0, 'Metal': 0.03368141214786116, 'Plastic': 0.8553321331739425}",21389,live
2025-10-29 18:17:51,Plastic,0.8443776339292526,"{'Paper': 0.0, 'Metal': 0.03214478708497204, 'Plastic': 0.8443776339292526}",22044,live
2025-10-29 18:17:52,Plastic,0.8505675911903381,"{'Paper': 0.0, 'Metal': 0.035127778706844, 'Plastic': 0.8505675911903381}",20860,live
2025-10-29 18:17:52,Plastic,0.8505675911903381,"{'Paper': 0.0, 'Metal': 0.035127778706844, 'Plastic': 0.8505675911903381}",20860,live
2025-10-29 18:17:52,Plastic,0.8437239646911621,"{'Paper': 0.0, 'Metal': 0.04093616221009576, 'Plastic': 0.8437239646911621}",21899,live
2025-10-29 18:17:52,Plastic,0.8542873233556747,"{'Paper': 0.0, 'Metal': 0.03654601274391771, 'Plastic': 0.8542873233556747}",21339,live
2025-10-29 18:17:52,Plastic,0.855405655503273,"{'Paper': 0.0, 'Metal': 0.037323150206658794, 'Plastic': 0.855405655503273}",21973,live
2025-10-29 18:17:52,Plastic,0.8510640233755111,"{'Paper': 0.0, 'Metal': 0.030818491902725773, 'Plastic': 0.8510640233755111}",21785,live
2025-10-29 18:17:52,Plastic,0.8441413015127182,"{'Paper': 0.0, 'Metal': 0.03000381978522694, 'Plastic': 0.8441413015127182}",22019,live
2025-10-29 18:17:52,Plastic,0.8450051963329315,"{'Paper': 0.0, 'Metal': 0.039137136055585914, 'Plastic': 0.8450051963329315}",21298,live
2025-10-29 18:17:52,Plastic,0.8335593909025192,"{'Paper': 0.0, 'Metal': 0.036948367224050996, 'Plastic': 0.8335593909025192}",21842,live
2025-10-29 18:17:52,Plastic,0.8461428999900817,"{'Paper': 0.0, 'Metal': 0.03512897739021417, 'Plastic': 0.8461428999900817}",21353,live
2025-10-29 18:17:52,Plastic,0.849292767047882,"{'Paper': 0.0, 'Metal': 0.03589047530316536, 'Plastic': 0.849292767047882}",21395,live
2025-10-29 18:17:52,Plastic,0.833517637848854,"{'Paper': 0.0, 'Metal': 0.030778391477166028, 'Plastic': 0.833517637848854}",22645,live
2025-10-29 18:17:52,Plastic,0.8401524096727371,"{'Paper': 0.0, 'Metal': 0.03715868343756879, 'Plastic': 0.8401524096727371}",21048,live
2025-10-29 18:17:52,Plastic,0.8608876138925552,"{'Paper': 0.0, 'Metal': 0.029756836365254277, 'Plastic': 0.8608876138925552}",24009,live
2025-10-29 18:17:52,Plastic,0.8429407894611358,"{'Paper': 0.0, 'Metal': 0.036865079417157116, 'Plastic': 0.8429407894611358}",22968,live
2025-10-29 18:17:52,Plastic,0.8640009880065918,"{'Paper': 0.0, 'Metal': 0.035169451585589324, 'Plastic': 0.8640009880065918}",20633,live
2025-10-29 18:17:52,Plastic,0.8413681358098983,"{'Paper': 0.0, 'Metal': 0.024728272671436676, 'Plastic': 0.8413681358098983}",22031,live
2025-10-29 18:17:52,Plastic,0.8350065320730209,"{'Paper': 0.0, 'Metal': 0.03513105665678939, 'Plastic': 0.8350065320730209}",22238,live
2025-10-29 18:17:52,Plastic,0.8592500507831573,"{'Paper': 0.0, 'Metal': 0.027323317536008945, 'Plastic': 0.8592500507831573}",23384,live
2025-10-29 18:17:52,Plastic,0.8504593193531036,"{'Paper': 0.0, 'Metal': 0.0372394531364046, 'Plastic': 0.8504593193531036}",23493,live
2025-10-29 18:17:52,Plastic,0.8623665392398834,"{'Paper': 0.0, 'Metal': 0.038522270230743616, 'Plastic': 0.8623665392398834}",20971,live
2025-10-29 18:17:52,Plastic,0.8443183422088623,"{'Paper': 0.0, 'Metal': 0.03207329149794079, 'Plastic': 0.8443183422088623}",21556,live
2025-10-29 18:17:52,Plastic,0.8476831138134002,"{'Paper': 0.0, 'Metal': 0.03157017847886244, 'Plastic': 0.8476831138134002}",23323,live
2025-10-29 18:17:52,Plastic,0.8411780267953872,"{'Paper': 0.0, 'Metal': 0.03089997235889169, 'Plastic': 0.8411780267953872}",21484,live
2025-10-29 18:17:52,Plastic,0.8459290385246276,"{'Paper': 0.0, 'Metal': 0.03794485858029145, 'Plastic': 0.8459290385246276}",21344,live
2025-10-29 18:17:52,Plastic,0.84753058552742,"{'Paper': 0.0, 'Metal': 0.039351748016990866, 'Plastic': 0.84753058552742}",23375,live
2025-10-29 18:17:52,Plastic,0.8492189019918441,"{'Paper': 0.0, 'Metal': 0.03519593905494972, 'Plastic': 0.8492189019918441}",21477,live
2025-10-29 18:17:52,Plastic,0.8644694656133651,"{'Paper': 0.0, 'Metal': 0.03064656347011516, 'Plastic': 0.8644694656133651}",22081,live
2025-10-29 18:17:52,Plastic,0.8459583938121795,"{'Paper': 0.0, 'Metal': 0.03460981212354706, 'Plastic': 0.8459583938121795}",23012,live
2025-10-29 18:17:53,Plastic,0.8489230990409851,"{'Paper': 0.0, 'Metal': 0.03851608525417071, 'Plastic': 0.8489230990409851}",22875,live
2025-10-29 18:17:53,Plastic,0.8503451913595199,"{'Paper': 0.0, 'Metal': 0.02521906958256891, 'Plastic': 0.8503451913595199}",23431,live
2025-10-29 18:17:53,Plastic,0.8585757434368133,"{'Paper': 0.0, 'Metal': 0.03315947820537298, 'Plastic': 0.8585757434368133}",21659,live
2025-10-29 18:17:53,Plastic,0.8610375642776489,"{'Paper': 0.0, 'Metal': 0.027826414457991534, 'Plastic': 0.8610375642776489}",22320,live
2025-10-29 18:17:53,Plastic,0.8512157917022705,"{'Paper': 0.0, 'Metal': 0.03723346562337936, 'Plastic': 0.8512157917022705}",21689,live
2025-10-29 18:17:53,Plastic,0.8514980792999267,"{'Paper': 0.0, 'Metal': 0.02884769110780625, 'Plastic': 0.8514980792999267}",23088,live
2025-10-29 18:17:53,Plastic,0.8523146033287048,"{'Paper': 0.0, 'Metal': 0.02183110671760683, 'Plastic': 0.8523146033287048}",23008,live
2025-10-29 18:17:53,Plastic,0.845918607711792,"{'Paper': 0.0, 'Metal': 0.029322940263333225, 'Plastic': 0.845918607711792}",22554,live
2025-10-29 18:17:53,Plastic,0.8600847393274307,"{'Paper': 0.0, 'Metal': 0.02572102123972449, 'Plastic': 0.8600847393274307}",22690,live
2025-10-29 18:17:53,Plastic,0.8553045213222503,"{'Paper': 0.0, 'Metal': 0.01400939060781887, 'Plastic': 0.8553045213222503}",21312,live
2025-10-29 18:17:53,Plastic,0.8654728651046752,"{'Paper': 0.0, 'Metal': 0.020827351020239693, 'Plastic': 0.8654728651046752}",19901,live
2025-10-29 18:17:53,Plastic,0.8525727212429046,"{'Paper': 0.0, 'Metal': 0.02230453566654059, 'Plastic': 0.8525727212429046}",23161,live
2025-10-29 18:17:53,Plastic,0.84876689016819,"{'Paper': 0.0, 'Metal': 0.033928825114684424, 'Plastic': 0.84876689016819}",22130,live
2025-10-29 18:17:53,Plastic,0.8540090292692184,"{'Paper': 0.0, 'Metal': 0.018075659578678956, 'Plastic': 0.8540090292692184}",23095,live
2025-10-29 18:17:53,Plastic,0.8628293991088867,"{'Paper': 0.0, 'Metal': 0.019944438530690126, 'Plastic': 0.8628293991088867}",23181,live
2025-10-29 18:17:53,Plastic,0.8637425273656845,"{'Paper': 0.0, 'Metal': 0.026005108996532956, 'Plastic': 0.8637425273656845}",22524,live
2025-10-29 18:17:53,Plastic,0.8607648730278015,"{'Paper': 0.0, 'Metal': 0.01940396223968667, 'Plastic': 0.8607648730278015}",24625,live
2025-10-29 18:17:53,Plastic,0.8498308628797531,"{'Paper': 0.0, 'Metal': 0.025043069019501422, 'Plastic': 0.8498308628797531}",22991,live
2025-10-29 18:17:53,Plastic,0.8573753803968429,"{'Paper': 0.0, 'Metal': 0.028664616708962858, 'Plastic': 0.8573753803968429}",23502,live
2025-10-29 18:17:53,Plastic,0.8473687440156936,"{'Paper': 0.0, 'Metal': 0.01832958237531037, 'Plastic': 0.8473687440156936}",23614,live
2025-10-29 18:17:53,Plastic,0.8686686873435974,"{'Paper': 0.0, 'Metal': 0.03522603803333781, 'Plastic': 0.8686686873435974}",23288,live
2025-10-29 18:17:53,Plastic,0.8638154089450836,"{'Paper': 0.0, 'Metal': 0.04013116756721655, 'Plastic': 0.8638154089450836}",22663,live
2025-10-29 18:32:00,LowConfidence,0.3493336495447838,"{'Paper': 0.24000000000000005, 'Metal': 0.10292175019011038, 'Plastic': 0.3493336495447838}",93261,low_1761742920824.jpg
2025-10-29 18:32:02,LowConfidence,0.4859933559443776,"{'Paper': 0.24000000000000005, 'Metal': 0.010623943476830596, 'Plastic': 0.4859933559443776}",85608,low_1761742922271.jpg
2025-10-29 18:32:05,LowConfidence,0.3541160192162034,"{'Paper': 0.24000000000000005, 'Metal': 0.09998765539440534, 'Plastic': 0.3541160192162034}",61431,low_1761742925501.jpg
2025-10-29 18:32:07,LowConfidence,0.4643427148534102,"{'Paper': 0.08, 'Metal': 0.0027845510847503787, 'Plastic': 0.4643427148534102}",86225,low_1761742927205.jpg
2025-10-29 18:32:14,Plastic,0.6135867619203825,"{'Paper': 0.24000000000000005, 'Metal': 0.006161259759438083, 'Plastic': 0.6135867619203825}",56666,live
2025-10-29 18:32:16,Plastic,0.7201021246035095,"{'Paper': 0.24000000000000005, 'Metal': 0.027139918799926416, 'Plastic': 0.7201021246035095}",135486,live
2025-10-29 18:32:16,Plastic,0.8082996403536549,"{'Paper': 0.24000000000000005, 'Metal': 0.03535287772699396, 'Plastic': 0.8082996403536549}",136924,live
2025-10-29 18:32:16,Plastic,0.8082996403536549,"{'Paper': 0.24000000000000005, 'Metal': 0.03535287772699396, 'Plastic': 0.8082996403536549}",136924,live
2025-10-29 18:32:16,Plastic,0.8784784956299896,"{'Paper': 0.24000000000000005, 'Metal': 0.03816952754118459, 'Plastic': 0.8784784956299896}",124319,live
2025-10-29 18:32:16,Plastic,0.8784784956299896,"{'Paper': 0.24000000000000005, 'Metal': 0.03816952754118459, 'Plastic': 0.8784784956299896}",124319,live
2025-10-29 18:32:16,Plastic,0.8784784956299896,"{'Paper': 0.24000000000000005, 'Metal': 0.03816952754118459, 'Plastic': 0.8784784956299896}",124319,live
2025-10-29 18:32:16,Plastic,0.9243394116994665,"{'Paper': 0.08, 'Metal': 0.03340704893936118, 'Plastic': 0.9243394116994665}",118435,live
2025-10-29 18:32:16,Plastic,0.9243394116994665,"{'Paper': 0.08, 'Metal': 0.03340704893936118, 'Plastic': 0.9243394116994665}",118435,live
2025-10-29 18:32:16,Plastic,0.9243394116994665,"{'Paper': 0.08, 'Metal': 0.03340704893936118, 'Plastic': 0.9243394116994665}",118435,live
2025-10-29 18:32:16,Plastic,0.7851610961748468,"{'Paper': 0.24000000000000005, 'Metal': 0.04773384662465352, 'Plastic': 0.7851610961748468}",128726,live
2025-10-29 18:32:16,Plastic,0.7851610961748468,"{'Paper': 0.24000000000000005, 'Metal': 0.04773384662465352, 'Plastic': 0.7851610961748468}",128726,live
2025-10-29 18:32:16,Plastic,0.7851610961748468,"{'Paper': 0.24000000000000005, 'Metal': 0.04773384662465352, 'Plastic': 0.7851610961748468}",128726,live
2025-10-29 18:32:16,Plastic,0.7220343547923682,"{'Paper': 0.24000000000000005, 'Metal': 0.022048182892822368, 'Plastic': 0.7220343547923682}",113517,live
2025-10-29 18:32:16,Plastic,0.7220343547923682,"{'Paper': 0.24000000000000005, 'Metal': 0.022048182892822368, 'Plastic': 0.7220343547923682}",113517,live
2025-10-29 18:32:16,Plastic,0.7220343547923682,"{'Paper': 0.24000000000000005, 'Metal': 0.022048182892822368, 'Plastic': 0.7220343547923682}",113517,live
2025-10-29 18:32:16,Plastic,0.6070566252927116,"{'Paper': 0.08, 'Metal': 0.013825707379374951, 'Plastic': 0.6070566252927116}",109892,live
2025-10-29 18:32:16,Plastic,0.6070566252927116,"{'Paper': 0.08, 'Metal': 0.013825707379374951, 'Plastic': 0.6070566252927116}",109892,live
2025-10-29 18:32:16,Plastic,0.6070566252927116,"{'Paper': 0.08, 'Metal': 0.013825707379374951, 'Plastic': 0.6070566252927116}",109892,live
2025-10-29 18:32:16,Plastic,0.672204442741668,"{'Paper': 0.08, 'Metal': 0.013342858502174773, 'Plastic': 0.672204442741668}",101641,live
2025-10-29 18:32:16,Plastic,0.672204442741668,"{'Paper': 0.08, 'Metal': 0.013342858502174773, 'Plastic': 0.672204442741668}",101641,live
2025-10-29 18:32:17,Plastic,0.690656121639375,"{'Paper': 0.08, 'Metal': 0.016223438272043592, 'Plastic': 0.690656121639375}",101327,live
2025-10-29 18:32:17,Plastic,0.690656121639375,"{'Paper': 0.08, 'Metal': 0.016223438272043592, 'Plastic': 0.690656121639375}",101327,live
2025-10-29 18:32:17,Plastic,0.68849667750404,"{'Paper': 0.08, 'Metal': 0.01029291994311105, 'Plastic': 0.68849667750404}",88709,live
2025-10-29 18:32:17,Plastic,0.68849667750404,"{'Paper': 0.08, 'Metal': 0.01029291994311105, 'Plastic': 0.68849667750404}",88709,live
2025-10-29 18:32:17,Plastic,0.6580534419490074,"{'Paper': 0.08, 'Metal': 0.007421177843933632, 'Plastic': 0.6580534419490074}",87794,live
2025-10-29 18:32:17,Plastic,0.6580534419490074,"{'Paper': 0.08, 'Metal': 0.007421177843933632, 'Plastic': 0.6580534419490074}",87794,live
2025-10-29 18:32:17,Plastic,0.5950563754189861,"{'Paper': 0.08, 'Metal': 0.008432635030764146, 'Plastic': 0.5950563754189861}",84547,live
2025-10-29 18:32:17,Plastic,0.5950563754189861,"{'Paper': 0.08, 'Metal': 0.008432635030764146, 'Plastic': 0.5950563754189861}",84547,live
2025-10-29 18:32:17,Plastic,0.5535301009853915,"{'Paper': 0.08, 'Metal': 0.00936574191290362, 'Plastic': 0.5535301009853915}",80796,live
2025-10-29 18:32:17,Plastic,0.5535301009853915,"{'Paper': 0.08, 'Metal': 0.00936574191290362, 'Plastic': 0.5535301009853915}",80796,live
2025-10-29 18:32:17,LowConfidence,0.5147730363151177,"{'Paper': 0.08, 'Metal': 0.009445872733986366, 'Plastic': 0.5147730363151177}",84500,low_1761742937351.jpg
2025-10-29 18:32:17,Plastic,0.5147730363151177,"{'Paper': 0.08, 'Metal': 0.009445872733986366, 'Plastic': 0.5147730363151177}",84500,live
2025-10-29 18:32:17,LowConfidence,0.5147730363151177,"{'Paper': 0.08, 'Metal': 0.009445872733986366, 'Plastic': 0.5147730363151177}",84500,low_1761742937378.jpg
2025-10-29 18:32:17,Plastic,0.5147730363151177,"{'Paper': 0.08, 'Metal': 0.009445872733986366, 'Plastic': 0.5147730363151177}",84500,live
2025-10-29 18:32:17,LowConfidence,0.448723001829832,"{'Paper': 0.08, 'Metal': 0.0016367993922918047, 'Plastic': 0.448723001829832}",64969,low_1761742937440.jpg
2025-10-29 18:32:17,LowConfidence,0.448723001829832,"{'Paper': 0.08, 'Metal': 0.0016367993922918047, 'Plastic': 0.448723001829832}",64969,low_1761742937483.jpg
2025-10-29 18:32:17,LowConfidence,0.4008393546189164,"{'Paper': 0.08, 'Metal': 0.10144193171808095, 'Plastic': 0.4008393546189164}",82534,low_1761742937518.jpg
2025-10-29 18:32:17,LowConfidence,0.4008393546189164,"{'Paper': 0.08, 'Metal': 0.10144193171808095, 'Plastic': 0.4008393546189164}",82534,low_1761742937567.jpg
2025-10-29 18:32:17,LowConfidence,0.3789927381550025,"{'Paper': 0.08, 'Metal': 0.10100120604675968, 'Plastic': 0.3789927381550025}",86474,low_1761742937593.jpg
2025-10-29 18:32:17,LowConfidence,0.3789927381550025,"{'Paper': 0.08, 'Metal': 0.10100120604675968, 'Plastic': 0.3789927381550025}",86474,low_1761742937621.jpg
2025-10-29 18:32:17,LowConfidence,0.43881292182904247,"{'Paper': 0.08, 'Metal': 0.10296950734620385, 'Plastic': 0.43881292182904247}",121149,low_1761742937646.jpg
2025-10-29 18:32:17,LowConfidence,0.43881292182904247,"{'Paper': 0.08, 'Metal': 0.10296950734620385, 'Plastic': 0.43881292182904247}",121149,low_1761742937667.jpg
2025-10-29 18:32:17,LowConfidence,0.4479995627180716,"{'Paper': 0.24000000000000005, 'Metal': 0.0061355608772981655, 'Plastic': 0.4479995627180716}",129140,low_1761742937689.jpg
2025-10-29 18:32:17,LowConfidence,0.4479995627180716,"{'Paper': 0.24000000000000005, 'Metal': 0.0061355608772981655, 'Plastic': 0.4479995627180716}",129140,low_1761742937714.jpg
2025-10-29 18:32:17,LowConfidence,0.4955571814169933,"{'Paper': 0.24000000000000005, 'Metal': 0.0061187907763444625, 'Plastic': 0.4955571814169933}",126424,low_1761742937819.jpg
2025-10-29 18:32:17,LowConfidence,0.4955571814169933,"{'Paper': 0.24000000000000005, 'Metal': 0.0061187907763444625, 'Plastic': 0.4955571814169933}",126424,low_1761742937858.jpg
2025-10-29 18:32:17,LowConfidence,0.4955571814169933,"{'Paper': 0.24000000000000005, 'Metal': 0.0061187907763444625, 'Plastic': 0.4955571814169933}",126424,low_1761742937904.jpg
2025-10-29 18:32:17,LowConfidence,0.49252569110788696,"{'Paper': 0.24000000000000005, 'Metal': 0.006369167748271556, 'Plastic': 0.49252569110788696}",125772,low_1761742937946.jpg
2025-10-29 18:32:17,LowConfidence,0.49252569110788696,"{'Paper': 0.24000000000000005, 'Metal': 0.006369167748271556, 'Plastic': 0.49252569110788696}",125772,low_1761742937988.jpg
2025-10-29 18:32:18,LowConfidence,0.4944141884687151,"{'Paper': 0.24000000000000005, 'Metal': 0.006848930298945511, 'Plastic': 0.4944141884687151}",123332,low_1761742938021.jpg
2025-10-29 18:32:18,LowConfidence,0.42392423127297946,"{'Paper': 0.24000000000000005, 'Metal': 0.1014134267403455, 'Plastic': 0.42392423127297946}",122685,low_1761742938067.jpg
2025-10-29 18:32:18,LowConfidence,0.42392423127297946,"{'Paper': 0.24000000000000005, 'Metal': 0.1014134267403455, 'Plastic': 0.42392423127297946}",122685,low_1761742938115.jpg
2025-10-29 18:32:18,LowConfidence,0.3752621864463308,"{'Paper': 0.08, 'Metal': 0.1004840701784697, 'Plastic': 0.3752621864463308}",85044,low_1761742938160.jpg
2025-10-29 18:32:18,LowConfidence,0.3752621864463308,"{'Paper': 0.08, 'Metal': 0.1004840701784697, 'Plastic': 0.3752621864463308}",85044,low_1761742938190.jpg
2025-10-29 18:32:18,LowConfidence,0.33875524464150125,"{'Paper': 0.08, 'Metal': 0.10062920926588076, 'Plastic': 0.33875524464150125}",79563,low_1761742938234.jpg
2025-10-29 18:32:18,LowConfidence,0.33875524464150125,"{'Paper': 0.08, 'Metal': 0.10062920926588076, 'Plastic': 0.33875524464150125}",79563,low_1761742938260.jpg
2025-10-29 18:32:18,LowConfidence,0.45184625714481164,"{'Paper': 0.08, 'Metal': 0.004777708912173107, 'Plastic': 0.45184625714481164}",102618,low_1761742938290.jpg
2025-10-29 18:32:18,LowConfidence,0.45184625714481164,"{'Paper': 0.08, 'Metal': 0.004777708912173107, 'Plastic': 0.45184625714481164}",102618,low_1761742938313.jpg
2025-10-29 18:32:18,LowConfidence,0.3669801365293913,"{'Paper': 0.08, 'Metal': 0.10073619393653371, 'Plastic': 0.3669801365293913}",58503,low_1761742938344.jpg
2025-10-29 18:32:18,LowConfidence,0.3669801365293913,"{'Paper': 0.08, 'Metal': 0.10073619393653371, 'Plastic': 0.3669801365293913}",58503,low_1761742938378.jpg
2025-10-29 18:32:18,LowConfidence,0.48446378848225435,"{'Paper': 0.08, 'Metal': 0.004921558484866228, 'Plastic': 0.48446378848225435}",77523,low_1761742938402.jpg
2025-10-29 18:32:18,LowConfidence,0.48446378848225435,"{'Paper': 0.08, 'Metal': 0.004921558484866228, 'Plastic': 0.48446378848225435}",77523,low_1761742938420.jpg
2025-10-29 18:32:18,LowConfidence,0.46057286640503814,"{'Paper': 0.08, 'Metal': 0.007152488294458334, 'Plastic': 0.46057286640503814}",76804,low_1761742938456.jpg
2025-10-29 18:32:18,LowConfidence,0.46057286640503814,"{'Paper': 0.08, 'Metal': 0.007152488294458334, 'Plastic': 0.46057286640503814}",76804,low_1761742938465.jpg
2025-10-29 18:32:18,LowConfidence,0.3410082055576252,"{'Paper': 0.08, 'Metal': 0.09753376610207928, 'Plastic': 0.3410082055576252}",35686,low_1761742938553.jpg
2025-10-29 18:32:18,LowConfidence,0.3410082055576252,"{'Paper': 0.08, 'Metal': 0.09753376610207928, 'Plastic': 0.3410082055576252}",35686,low_1761742938586.jpg
2025-10-29 18:32:18,LowConfidence,0.3832490982272755,"{'Paper': 0.08, 'Metal': 0.09749242583520981, 'Plastic': 0.3832490982272755}",30028,low_1761742938619.jpg
2025-10-29 18:32:18,LowConfidence,0.3832490982272755,"{'Paper': 0.08, 'Metal': 0.09749242583520981, 'Plastic': 0.3832490982272755}",30028,low_1761742938646.jpg
2025-10-29 18:32:18,LowConfidence,0.3341231835398837,"{'Paper': 0.08, 'Metal': 0.09749670636210386, 'Plastic': 0.3341231835398837}",24791,low_1761742938675.jpg
2025-10-29 18:32:18,LowConfidence,0.3341231835398837,"{'Paper': 0.08, 'Metal': 0.09749670636210386, 'Plastic': 0.3341231835398837}",24791,low_1761742938712.jpg
2025-10-29 18:32:18,LowConfidence,0.319862233797702,"{'Paper': 0.08, 'Metal': 0.09747238189801667, 'Plastic': 0.319862233797702}",13077,low_1761742938740.jpg
2025-10-29 18:32:18,LowConfidence,0.319862233797702,"{'Paper': 0.08, 'Metal': 0.09747238189801667, 'Plastic': 0.319862233797702}",13077,low_1761742938768.jpg
2025-10-29 18:32:18,Plastic,0.788623656624114,"{'Paper': 0.08, 'Metal': 0.002811479768187954, 'Plastic': 0.788623656624114}",11278,live
2025-10-29 18:32:18,Plastic,0.788623656624114,"{'Paper': 0.08, 'Metal': 0.002811479768187954, 'Plastic': 0.788623656624114}",11278,live
2025-10-29 18:32:18,Plastic,0.7483688419267511,"{'Paper': 0.08, 'Metal': 0.00256542774788162, 'Plastic': 0.7483688419267511}",7908,live
2025-10-29 18:32:18,Plastic,0.7483688419267511,"{'Paper': 0.08, 'Metal': 0.00256542774788162, 'Plastic': 0.7483688419267511}",7908,live
2025-10-29 18:32:19,Plastic,0.75431825953337,"{'Paper': 0.08, 'Metal': 0.003447490064034429, 'Plastic': 0.75431825953337}",7614,live
2025-10-29 18:32:19,Plastic,0.75431825953337,"{'Paper': 0.08, 'Metal': 0.003447490064034429, 'Plastic': 0.75431825953337}",7614,live
2025-10-29 18:32:19,Plastic,0.757363882138786,"{'Paper': 0.08, 'Metal': 0.004412747932824893, 'Plastic': 0.757363882138786}",6711,live
2025-10-29 18:32:19,Plastic,0.757363882138786,"{'Paper': 0.08, 'Metal': 0.004412747932824893, 'Plastic': 0.757363882138786}",6711,live
2025-10-29 18:32:19,Plastic,0.7620402885685449,"{'Paper': 0.08, 'Metal': 0.002697916530394209, 'Plastic': 0.7620402885685449}",6720,live
2025-10-29 18:32:19,Plastic,0.7620402885685449,"{'Paper': 0.08, 'Metal': 0.002697916530394209, 'Plastic': 0.7620402885685449}",6720,live
2025-10-29 18:32:19,Plastic,0.762234702631523,"{'Paper': 0.08, 'Metal': 0.004795046628651087, 'Plastic': 0.762234702631523}",6545,live
2025-10-29 18:32:19,Plastic,0.762234702631523,"{'Paper': 0.08, 'Metal': 0.004795046628651087, 'Plastic': 0.762234702631523}",6545,live
2025-10-29 18:32:19,Plastic,0.7637587805932933,"{'Paper': 0.08, 'Metal': 0.006524989823795766, 'Plastic': 0.7637587805932933}",5753,live
2025-10-29 18:32:19,Plastic,0.7637587805932933,"{'Paper': 0.08, 'Metal': 0.006524989823795766, 'Plastic': 0.7637587805932933}",5753,live
2025-10-29 18:32:19,Plastic,0.7778481746283756,"{'Paper': 0.08, 'Metal': 0.0044265655865383955, 'Plastic': 0.7778481746283756}",5743,live
2025-10-29 18:32:19,Plastic,0.7778481746283756,"{'Paper': 0.08, 'Metal': 0.0044265655865383955, 'Plastic': 0.7778481746283756}",5743,live
2025-10-29 18:32:19,Plastic,0.8007719397017359,"{'Paper': 0.08, 'Metal': 0.016765362690879547, 'Plastic': 0.8007719397017359}",5741,live
2025-10-29 18:32:19,Plastic,0.8007719397017359,"{'Paper': 0.08, 'Metal': 0.016765362690879547, 'Plastic': 0.8007719397017359}",5741,live
2025-10-29 18:32:19,Plastic,0.7728287397100766,"{'Paper': 0.08, 'Metal': 0.01157169981886427, 'Plastic': 0.7728287397100766}",5812,live
2025-10-29 18:32:19,Plastic,0.7728287397100766,"{'Paper': 0.08, 'Metal': 0.01157169981886427, 'Plastic': 0.7728287397100766}",5812,live
2025-10-29 18:32:19,Plastic,0.840177057966152,"{'Paper': 0.08, 'Metal': 0.017097966924641977, 'Plastic': 0.840177057966152}",5402,live
2025-10-29 18:32:19,Plastic,0.840177057966152,"{'Paper': 0.08, 'Metal': 0.017097966924641977, 'Plastic': 0.840177057966152}",5402,live
2025-10-29 18:32:19,Plastic,0.7672039099635142,"{'Paper': 0.08, 'Metal': 0.02014162565426632, 'Plastic': 0.7672039099635142}",5661,live
2025-10-29 18:32:19,Plastic,0.7672039099635142,"{'Paper': 0.08, 'Metal': 0.02014162565426632, 'Plastic': 0.7672039099635142}",5661,live
2025-10-29 18:32:19,Plastic,0.7893254835840013,"{'Paper': 0.08, 'Metal': 0.0185072339243264, 'Plastic': 0.7893254835840013}",6125,live
2025-10-29 18:32:19,Plastic,0.7893254835840013,"{'Paper': 0.08, 'Metal': 0.0185072339243264, 'Plastic': 0.7893254835840013}",6125,live
2025-10-29 18:32:19,Plastic,0.7807593662804773,"{'Paper': 0.08, 'Metal': 0.021764196549906703, 'Plastic': 0.7807593662804773}",5673,live
2025-10-29 18:32:19,Plastic,0.7807593662804773,"{'Paper': 0.08, 'Metal': 0.021764196549906703, 'Plastic': 0.7807593662804773}",5673,live
2025-10-29 18:32:19,Plastic,0.775499224018704,"{'Paper': 0.08, 'Metal': 0.015775154217802893, 'Plastic': 0.775499224018704}",6128,live
2025-10-29 18:32:19,Plastic,0.775499224018704,"{'Paper': 0.08, 'Metal': 0.015775154217802893, 'Plastic': 0.775499224018704}",6128,live
2025-10-29 18:32:19,Plastic,0.7781005872883786,"{'Paper': 0.08, 'Metal': 0.022250548738382125, 'Plastic': 0.7781005872883786}",6367,live
2025-10-29 18:32:19,Plastic,0.7781005872883786,"{'Paper': 0.08, 'Metal': 0.022250548738382125, 'Plastic': 0.7781005872883786}",6367,live
